No,Tahun,Nama Form,Lampiran,Keterangan
1,2025,Kop Surat RT16 Template,https://docs.google.com/document/d/1c79VoVWUTY80zmdNJj9_ilQ9uIwHEjII/edit?usp=sharing&ouid=105584091199908417607&rtpof=true&sd=true,OK
2,2025,Undangan RT16 Template,https://docs.google.com/document/d/1NNH-JD6o01H1RU_SCkMYo50B8-rrg3tP/edit?usp=sharing&ouid=105584091199908417607&rtpof=true&sd=true,OK
3,2025,Laporan Kegiatan RT16 Template,https://docs.google.com/document/d/1ipoeqNfrGEnsep907WKP1nG4Q-foz6RZ/edit?usp=sharing&ouid=105584091199908417607&rtpof=true&sd=true,OK
4,2025,Proposal Agustusan RW16 Template,https://docs.google.com/document/d/1J_1v-S9dXa3bi5auq808zoHwceoaBlrQ/edit?usp=sharing&ouid=105584091199908417607&rtpof=true&sd=true,OK
,,,,
,,,,
,,,,
,,,,
,,,,
,,,,
,,,,
,,,,
,,,,
